"Tweet id","Tweet permalink","Tweet text","time","impressions","engagements","engagement rate","retweets","replies","likes","user profile clicks","url clicks","hashtag clicks","detail expands","permalink clicks","app opens","app installs","follows","email tweet","dial phone","media views","media engagements","promoted impressions","promoted engagements","promoted engagement rate","promoted retweets","promoted replies","promoted likes","promoted user profile clicks","promoted url clicks","promoted hashtag clicks","promoted detail expands","promoted permalink clicks","promoted app opens","promoted app installs","promoted follows","promoted email tweet","promoted dial phone","promoted media views","promoted media engagements"
"1538244245978374144","https://twitter.com/daveyscience/status/1538244245978374144","https://t.co/HC2znaxbIk","2022-06-18 19:36 +0000","19.0","2.0","0.10526315789473684","0.0","0.0","0.0","0.0","2.0","0.0","0.0","0.0","0","0","0","0","0","0","0","-","-","-","-","-","-","-","-","-","-","-","-","-","-","-","-","-","-"
"1538244244321628160","https://twitter.com/daveyscience/status/1538244244321628160","Just tried Magic Sidebar by @blackmagic_so and it's AMAZING!

A must-have extension if you want to up-level your Twitter game or if you just love analytics.

Link üëá","2022-06-18 19:36 +0000","53.0","6.0","0.11320754716981132","0.0","1.0","1.0","2.0","0.0","0.0","2.0","0.0","0","0","0","0","0","0","0","-","-","-","-","-","-","-","-","-","-","-","-","-","-","-","-","-","-"
"1538222733145673729","https://twitter.com/daveyscience/status/1538222733145673729","@MakadiaHarsh so long as you‚Äôre consistent about taking action towards those outcomes!","2022-06-18 18:10 +0000","16.0","0.0","0.0","0.0","0.0","0.0","0.0","0.0","0.0","0.0","0.0","0","0","0","0","0","0","0","-","-","-","-","-","-","-","-","-","-","-","-","-","-","-","-","-","-"
"1538210892529094656","https://twitter.com/daveyscience/status/1538210892529094656","@David_Gahd i stop trying to force it. go for a walk, workout, cook. anything but being at your computer","2022-06-18 17:23 +0000","143.0","6.0","0.04195804195804196","0.0","2.0","2.0","2.0","0.0","0.0","0.0","0.0","0","0","0","0","0","0","0","-","-","-","-","-","-","-","-","-","-","-","-","-","-","-","-","-","-"
"1538204929315192833","https://twitter.com/daveyscience/status/1538204929315192833","Coding for Data Science

You Need:
- Passion
- Creativity
- Persistence
- Problem-solving
- Productivity systems

You Don't Need:
- Three monitors
- Expensive laptop
- University degree
- Calculus &amp; Linear Algebra

Pour your time, money, and energy into what matters.","2022-06-18 17:00 +0000","290.0","23.0","0.07931034482758621","2.0","0.0","8.0","5.0","0.0","0.0","8.0","0.0","0","0","0","0","0","0","0","-","-","-","-","-","-","-","-","-","-","-","-","-","-","-","-","-","-"
"1538177050841821185","https://twitter.com/daveyscience/status/1538177050841821185","@ykdojo Totally! 2021 was the year of burnout for me üò≥","2022-06-18 15:09 +0000","241.0","2.0","0.008298755186721992","0.0","0.0","1.0","1.0","0.0","0.0","0.0","0.0","0","0","0","0","0","0","0","-","-","-","-","-","-","-","-","-","-","-","-","-","-","-","-","-","-"
"1538174759380344833","https://twitter.com/daveyscience/status/1538174759380344833","Python + JavaScript = üöÄ","2022-06-18 15:00 +0000","61.0","5.0","0.08196721311475409","0.0","0.0","3.0","0.0","0.0","0.0","2.0","0.0","0","0","0","0","0","0","0","-","-","-","-","-","-","-","-","-","-","-","-","-","-","-","-","-","-"
"1537951664782467073","https://twitter.com/daveyscience/status/1537951664782467073","@DataScienceHarp @v_vashishta @mellamomark_eth @BazeleyMikiko @Eric_Gitonga_ @YouTube wow! do you give a heads up when these are happening? would love to join. going to listen to some of this one in the gym.","2022-06-18 00:13 +0000","37.0","3.0","0.08108108108108109","0.0","1.0","1.0","1.0","0.0","0.0","0.0","0.0","0","0","0","0","0","0","0","-","-","-","-","-","-","-","-","-","-","-","-","-","-","-","-","-","-"
"1537878038284673027","https://twitter.com/daveyscience/status/1537878038284673027","@dickiebush SaaS companies multiples are ~10x and ~20x ARR in the public and private market right now, respectively.

Since a digital product is not SaaS I‚Äôd say it‚Äôs more of a $20k asset at best, but point taken.","2022-06-17 19:21 +0000","354.0","1.0","0.002824858757062147","0.0","0.0","1.0","0.0","0.0","0.0","0.0","0.0","0","0","0","0","0","0","0","-","-","-","-","-","-","-","-","-","-","-","-","-","-","-","-","-","-"
"1537872726546960384","https://twitter.com/daveyscience/status/1537872726546960384","I used to lose interest and motivation for my personal projects.

Then I started sharing my progress.","2022-06-17 19:00 +0000","83.0","6.0","0.07228915662650602","0.0","1.0","1.0","1.0","0.0","0.0","3.0","0.0","0","0","0","0","0","0","0","-","-","-","-","-","-","-","-","-","-","-","-","-","-","-","-","-","-"
"1537842548806385665","https://twitter.com/daveyscience/status/1537842548806385665","If you're not in the mood to learn Python...

For god's sake step away from your laptop and go outside.","2022-06-17 17:00 +0000","49.0","5.0","0.10204081632653061","0.0","0.0","1.0","2.0","0.0","0.0","2.0","0.0","0","0","0","0","0","0","0","-","-","-","-","-","-","-","-","-","-","-","-","-","-","-","-","-","-"
"1537812387155300357","https://twitter.com/daveyscience/status/1537812387155300357","Skills to learn before machine learning:

Git
Python
Algorithms
Refactoring
Writing tests
Presentation
Data analysis
Documentation

Do this and dramatically increase your chances of building a useful ML pipeline.","2022-06-17 15:00 +0000","53.0","2.0","0.03773584905660377","0.0","0.0","2.0","0.0","0.0","0.0","0.0","0.0","0","0","0","0","0","0","0","-","-","-","-","-","-","-","-","-","-","-","-","-","-","-","-","-","-"
"1537527856070156291","https://twitter.com/daveyscience/status/1537527856070156291","Identifying and solving your problems is difficult. In the long-term, running from them is more difficult.","2022-06-16 20:09 +0000","75.0","1.0","0.013333333333333334","0.0","0.0","0.0","1.0","0.0","0.0","0.0","0.0","0","0","0","0","0","0","0","-","-","-","-","-","-","-","-","-","-","-","-","-","-","-","-","-","-"
"1537527225645338624","https://twitter.com/daveyscience/status/1537527225645338624","@v_vashishta Wow. Guess I'm going to hustle back from lunch and get back to work!","2022-06-16 20:07 +0000","199.0","4.0","0.020100502512562814","0.0","1.0","1.0","2.0","0.0","0.0","0.0","0.0","0","0","0","0","0","0","0","-","-","-","-","-","-","-","-","-","-","-","-","-","-","-","-","-","-"
"1537519625121849344","https://twitter.com/daveyscience/status/1537519625121849344","@robertgriker Your threads are such a great reminder for someone who tends to lean too far into introvert lifestyle.

Any accountability systems you have in place to stay social?","2022-06-16 19:36 +0000","620.0","7.0","0.01129032258064516","0.0","1.0","1.0","2.0","0.0","0.0","3.0","0.0","0","0","0","0","0","0","0","-","-","-","-","-","-","-","-","-","-","-","-","-","-","-","-","-","-"
"1537518783124090880","https://twitter.com/daveyscience/status/1537518783124090880","@LifeMathMoney Add a pocket notebook so you don‚Äôt lose any fleeting thoughts.

Bonus points for the pretentious vibe you‚Äôre sure to give off.","2022-06-16 19:33 +0000","20.0","0.0","0.0","0.0","0.0","0.0","0.0","0.0","0.0","0.0","0.0","0","0","0","0","0","0","0","-","-","-","-","-","-","-","-","-","-","-","-","-","-","-","-","-","-"
"1537510345060794370","https://twitter.com/daveyscience/status/1537510345060794370","Day 35 | #100DaysOfCode

More pandas practice. Effective refactoring, documentation, etc. The ""boring"" stuff.

It is easy to plateau in pandas. Going through courses and exercises while applying what you know in projects will help you grow.","2022-06-16 19:00 +0000","195.0","15.0","0.07692307692307693","8.0","0.0","4.0","1.0","0.0","0.0","2.0","0.0","0","0","0","0","0","0","0","-","-","-","-","-","-","-","-","-","-","-","-","-","-","-","-","-","-"
"1537480159804153858","https://twitter.com/daveyscience/status/1537480159804153858","If you can't focus for 10 minutes, try 5.

If you can't focus for 30 minutes, try 15.

If you can't focus for 60 minutes, try 30.

Do this every day and let me know what happens in a year.","2022-06-16 17:00 +0000","70.0","5.0","0.07142857142857142","0.0","1.0","2.0","1.0","0.0","0.0","1.0","0.0","0","0","0","0","0","0","0","-","-","-","-","-","-","-","-","-","-","-","-","-","-","-","-","-","-"
"1537451701313101824","https://twitter.com/daveyscience/status/1537451701313101824","@thedankoe Love this, but one critical piece I've realized is that you still have to proactively seek out and practice conversation if you want to meet interesting people.

Listened to your pod with Jack Peach and loved the way he thinks about this - esp how it's no different with women.","2022-06-16 15:07 +0000","248.0","8.0","0.03225806451612903","0.0","1.0","2.0","1.0","0.0","0.0","4.0","0.0","0","0","0","0","0","0","0","-","-","-","-","-","-","-","-","-","-","-","-","-","-","-","-","-","-"
"1537450037407494144","https://twitter.com/daveyscience/status/1537450037407494144","@avikumart_ Nice work! I'll check it out. Overall though, it's why I advocate to friends that working a 9-5 is really important before falling in love with freelancing etc. A couple years on a strong data science team is irreplaceable.","2022-06-16 15:00 +0000","27.0","12.0","0.4444444444444444","0.0","0.0","3.0","3.0","0.0","0.0","6.0","0.0","0","0","0","0","0","0","0","-","-","-","-","-","-","-","-","-","-","-","-","-","-","-","-","-","-"
"1537450000103391232","https://twitter.com/daveyscience/status/1537450000103391232","Looking for a dataset and project idea? Social media checks a lot of important boxes:

- Dashboarding analytics
- Setting up API authentication
- ML for clustering and classification

Bonus: use your content as the data for a constant boost of motivation.

#twitter4devs https://t.co/qI13LIWTpJ","2022-06-16 15:00 +0000","47.0","5.0","0.10638297872340426","0.0","0.0","1.0","0.0","0.0","0.0","2.0","0.0","0","0","0","0","0","2","2","-","-","-","-","-","-","-","-","-","-","-","-","-","-","-","-","-","-"
"1537448723382358019","https://twitter.com/daveyscience/status/1537448723382358019","@svpino Yes! From a business background, #1-2 came naturally for me, then I skipped to #4.

So important to log time coding in pandas every day.","2022-06-16 14:55 +0000","513.0","3.0","0.005847953216374269","0.0","0.0","0.0","3.0","0.0","0.0","0.0","0.0","0","0","0","0","0","0","0","-","-","-","-","-","-","-","-","-","-","-","-","-","-","-","-","-","-"
"1537448191603269633","https://twitter.com/daveyscience/status/1537448191603269633","@avikumart_ Amazing how much data science work still dies in notebooks.

Deploying to production is a very hard concept to simulate on personal projects in my opinion.","2022-06-16 14:53 +0000","84.0","9.0","0.10714285714285714","0.0","1.0","2.0","0.0","0.0","0.0","6.0","0.0","0","0","0","0","0","0","0","-","-","-","-","-","-","-","-","-","-","-","-","-","-","-","-","-","-"
"1537447799574233089","https://twitter.com/daveyscience/status/1537447799574233089","@WrongsToWrite I think this got a bit bastardized over the last 10 years. So many going abroad just to party. Not a comment on your experience.

I feel so much better about abroad trips now because my projects give me a purpose to fill time and stay focused.","2022-06-16 14:51 +0000","34.0","3.0","0.08823529411764706","0.0","0.0","1.0","1.0","0.0","0.0","1.0","0.0","0","0","0","0","0","0","0","-","-","-","-","-","-","-","-","-","-","-","-","-","-","-","-","-","-"
"1537446598615044098","https://twitter.com/daveyscience/status/1537446598615044098","@eddiejaoude My experience with Discord servers is that they have a short LTV. I haven't joined yours yet (I will), but curious to see how the best manage to keep quality engagement from quality members.","2022-06-16 14:46 +0000","59.0","3.0","0.05084745762711865","0.0","1.0","1.0","0.0","0.0","0.0","1.0","0.0","0","0","0","0","0","0","0","-","-","-","-","-","-","-","-","-","-","-","-","-","-","-","-","-","-"
"1537174118361026562","https://twitter.com/daveyscience/status/1537174118361026562","@EvanThomson01 i think it generalizes to any person or profession!","2022-06-15 20:44 +0000","18.0","2.0","0.1111111111111111","0.0","0.0","1.0","1.0","0.0","0.0","0.0","0.0","0","0","0","0","0","0","0","-","-","-","-","-","-","-","-","-","-","-","-","-","-","-","-","-","-"
"1537171549643411456","https://twitter.com/daveyscience/status/1537171549643411456","Real progress is measured in the quality of tasks you complete, not the quantity.

#7DaysToGenius","2022-06-15 20:33 +0000","115.0","10.0","0.08695652173913043","0.0","1.0","3.0","1.0","0.0","0.0","5.0","0.0","0","0","0","0","0","0","0","-","-","-","-","-","-","-","-","-","-","-","-","-","-","-","-","-","-"
"1537147957597851652","https://twitter.com/daveyscience/status/1537147957597851652","https://t.co/rz4IthTORw","2022-06-15 19:00 +0000","39.0","0.0","0.0","0.0","0.0","0.0","0.0","0.0","0.0","0.0","0.0","0","0","0","0","0","0","0","-","-","-","-","-","-","-","-","-","-","-","-","-","-","-","-","-","-"
"1537147955450466305","https://twitter.com/daveyscience/status/1537147955450466305","Day 34 | #100DaysOfCode

More HuggingFace and PyTorch practice following along with a YouTube tutorial.

Starting to build the pipeline for my data.

Tutorial Link üëá","2022-06-15 19:00 +0000","137.0","8.0","0.058394160583941604","2.0","1.0","5.0","0.0","0.0","0.0","0.0","0.0","0","0","0","0","0","0","0","-","-","-","-","-","-","-","-","-","-","-","-","-","-","-","-","-","-"
"1537117784894849026","https://twitter.com/daveyscience/status/1537117784894849026","Scared of starting to share content online? Don't be. Two big reasons why:

1. Almost no one is watching, and no one will remember by next week.

2. Sharing speeds up learning, learning speeds up mastery.

By the time you have an audience, your imposter syndrome is gone.","2022-06-15 17:00 +0000","317.0","30.0","0.0946372239747634","4.0","0.0","7.0","4.0","0.0","0.0","15.0","0.0","0","0","0","0","0","0","0","-","-","-","-","-","-","-","-","-","-","-","-","-","-","-","-","-","-"
"1537087645372792832","https://twitter.com/daveyscience/status/1537087645372792832","Must-Have Resources for Natural Language Processing

Courses
- Stanford Online
- Andrew Ng Coursera

Research
- ACL
- arXiv

Coding
- PyTorch
- Tensorflow
- HuggingFace

Anything I'm missing?","2022-06-15 15:00 +0000","63.0","0.0","0.0","0.0","0.0","0.0","0.0","0.0","0.0","0.0","0.0","0","0","0","0","0","0","0","-","-","-","-","-","-","-","-","-","-","-","-","-","-","-","-","-","-"
"1537085434785939456","https://twitter.com/daveyscience/status/1537085434785939456","@avikumart_ A good way to start understanding this is by looking at business analytics in the SaaS industry.

Churn, ARR, customer lifetime value are all grounded in the concept of retaining your customers at a consistent run-rate over time.","2022-06-15 14:51 +0000","61.0","3.0","0.04918032786885246","0.0","2.0","1.0","0.0","0.0","0.0","0.0","0.0","0","0","0","0","0","0","0","-","-","-","-","-","-","-","-","-","-","-","-","-","-","-","-","-","-"
"1537084987035602944","https://twitter.com/daveyscience/status/1537084987035602944","@WellPaidGeek This is the kind of advice tech twitter needs more of","2022-06-15 14:49 +0000","26.0","1.0","0.038461538461538464","0.0","0.0","0.0","0.0","0.0","0.0","1.0","0.0","0","0","0","0","0","0","0","-","-","-","-","-","-","-","-","-","-","-","-","-","-","-","-","-","-"
"1537084819594743809","https://twitter.com/daveyscience/status/1537084819594743809","@WrongsToWrite Build your foundation so you can build more shit on top of it.","2022-06-15 14:49 +0000","23.0","0.0","0.0","0.0","0.0","0.0","0.0","0.0","0.0","0.0","0.0","0","0","0","0","0","0","0","-","-","-","-","-","-","-","-","-","-","-","-","-","-","-","-","-","-"
"1537084431344754688","https://twitter.com/daveyscience/status/1537084431344754688","@thedankoe Ha! I became passionate about education right after I graduated college.

I blamed myself for being a slacker but of course traditional education needs a massive overhaul.","2022-06-15 14:47 +0000","25.0","1.0","0.04","0.0","1.0","0.0","0.0","0.0","0.0","0.0","0.0","0","0","0","0","0","0","0","-","-","-","-","-","-","-","-","-","-","-","-","-","-","-","-","-","-"
"1537084003173507073","https://twitter.com/daveyscience/status/1537084003173507073","@dickiebush Always had an issue with this. Constant ""shiny object syndrome"" learning to code and thinking I needed to consume an entire textbook.

For me, ""just-in-case"" learning represents doing what is easy vs. what is important.","2022-06-15 14:45 +0000","32.0","2.0","0.0625","0.0","0.0","0.0","2.0","0.0","0.0","0.0","0.0","0","0","0","0","0","0","0","-","-","-","-","-","-","-","-","-","-","-","-","-","-","-","-","-","-"
"1537083565510377472","https://twitter.com/daveyscience/status/1537083565510377472","@ykdojo Nice. I think communication is made up of talking, reading, writing, listening; from least to most difficult.

Most people only do 1-2.","2022-06-15 14:44 +0000","25.0","1.0","0.04","0.0","0.0","0.0","1.0","0.0","0.0","0.0","0.0","0","0","0","0","0","0","0","-","-","-","-","-","-","-","-","-","-","-","-","-","-","-","-","-","-"
"1537061848893124609","https://twitter.com/daveyscience/status/1537061848893124609","@__mharrison__ toonme!","2022-06-15 13:17 +0000","18.0","3.0","0.16666666666666666","0.0","0.0","0.0","3.0","0.0","0.0","0.0","0.0","0","0","0","0","0","0","0","-","-","-","-","-","-","-","-","-","-","-","-","-","-","-","-","-","-"
"1536844115404640256","https://twitter.com/daveyscience/status/1536844115404640256","@WrongsToWrite Favorite book or resource for someone that's only a couple weeks into developing a writing habit?","2022-06-14 22:52 +0000","56.0","1.0","0.017857142857142856","0.0","0.0","0.0","1.0","0.0","0.0","0.0","0.0","0","0","0","0","0","0","0","-","-","-","-","-","-","-","-","-","-","-","-","-","-","-","-","-","-"
"1536843768527212544","https://twitter.com/daveyscience/status/1536843768527212544","@MakadiaHarsh Depth-first search for skill acquisition!

Love the timing of this tweet. I'm starting to write longer form and my brain is filled with analogies between learning to code and personal growth in general.","2022-06-14 22:51 +0000","21.0","0.0","0.0","0.0","0.0","0.0","0.0","0.0","0.0","0.0","0.0","0","0","0","0","0","0","0","-","-","-","-","-","-","-","-","-","-","-","-","-","-","-","-","-","-"
"1536843379954393088","https://twitter.com/daveyscience/status/1536843379954393088","@eddiejaoude Yes! In my opinion, your approach to taking healthy, rejuvenating breaks is more important than your approach to learning how to code.","2022-06-14 22:49 +0000","38.0","2.0","0.05263157894736842","0.0","0.0","2.0","0.0","0.0","0.0","0.0","0.0","0","0","0","0","0","0","0","-","-","-","-","-","-","-","-","-","-","-","-","-","-","-","-","-","-"
"1536843020686983170","https://twitter.com/daveyscience/status/1536843020686983170","@ykdojo I always thought self-affirmations were corny, but they really work. It's how I get myself amped up before interviews and big presentations now.","2022-06-14 22:48 +0000","98.0","9.0","0.09183673469387756","0.0","0.0","4.0","4.0","0.0","0.0","1.0","0.0","0","0","0","0","0","0","0","-","-","-","-","-","-","-","-","-","-","-","-","-","-","-","-","-","-"
"1536842783771836416","https://twitter.com/daveyscience/status/1536842783771836416","@__mharrison__ Love that about your courses. I did not appreciate the ROI you can get from consistently practicing pandas without worrying about ML","2022-06-14 22:47 +0000","158.0","0.0","0.0","0.0","0.0","0.0","0.0","0.0","0.0","0.0","0.0","0","0","0","0","0","0","0","-","-","-","-","-","-","-","-","-","-","-","-","-","-","-","-","-","-"
"1536842506469507073","https://twitter.com/daveyscience/status/1536842506469507073","@prthgo I've spent the last few weeks strengthening my pandas and Spark skills, no focus on ML. Feels amazing.","2022-06-14 22:46 +0000","110.0","0.0","0.0","0.0","0.0","0.0","0.0","0.0","0.0","0.0","0.0","0","0","0","0","0","0","0","-","-","-","-","-","-","-","-","-","-","-","-","-","-","-","-","-","-"
"1536792074057441281","https://twitter.com/daveyscience/status/1536792074057441281","@coding_habits @python_engineer amazon reviews","2022-06-14 19:25 +0000","20.0","4.0","0.2","0.0","0.0","2.0","1.0","0.0","0.0","1.0","0.0","0","0","0","0","0","0","0","-","-","-","-","-","-","-","-","-","-","-","-","-","-","-","-","-","-"
"1536785564082622472","https://twitter.com/daveyscience/status/1536785564082622472","@python_engineer https://t.co/ieb9hPA5if","2022-06-14 19:00 +0000","59.0","8.0","0.13559322033898305","1.0","0.0","2.0","0.0","4.0","0.0","0.0","0.0","0","0","0","0","0","1","1","-","-","-","-","-","-","-","-","-","-","-","-","-","-","-","-","-","-"
"1536785561880518657","https://twitter.com/daveyscience/status/1536785561880518657","Day 33 | #100DaysOfCode

Doing more research to decide how best to build a custom text classifier. 

Started with a crash course from @python_engineer on how to do exactly this with HuggingFace and PyTorch.

Link üëá","2022-06-14 19:00 +0000","545.0","28.0","0.05137614678899083","6.0","3.0","11.0","6.0","0.0","1.0","1.0","0.0","0","0","0","0","0","0","0","-","-","-","-","-","-","-","-","-","-","-","-","-","-","-","-","-","-"
"1536755380973363202","https://twitter.com/daveyscience/status/1536755380973363202","Yesterday's tweet; expressed through cryptography:

üëÅÔ∏è üê• about üêç, üî¢ üî¨, and  üñºÔ∏èüë∑ through the üëì of my ü§ì üõ£Ô∏è.

#twitter4devs","2022-06-14 17:00 +0000","2199.0","21.0","0.009549795361527967","1.0","0.0","1.0","10.0","0.0","0.0","9.0","0.0","0","0","0","0","0","0","0","-","-","-","-","-","-","-","-","-","-","-","-","-","-","-","-","-","-"
"1536737168932347904","https://twitter.com/daveyscience/status/1536737168932347904","Live intentionally, independently, and adventurously. Be happy.

#7DaysToGenius","2022-06-14 15:47 +0000","37.0","1.0","0.02702702702702703","0.0","0.0","0.0","0.0","0.0","0.0","1.0","0.0","0","0","0","0","0","0","0","-","-","-","-","-","-","-","-","-","-","-","-","-","-","-","-","-","-"
"1536691756565004288","https://twitter.com/daveyscience/status/1536691756565004288","@matalaz Makes sense. Probably will wait until I find a real use case then","2022-06-14 12:47 +0000","53.0","3.0","0.05660377358490566","0.0","0.0","1.0","0.0","0.0","0.0","2.0","0.0","0","0","0","0","0","0","0","-","-","-","-","-","-","-","-","-","-","-","-","-","-","-","-","-","-"
"1536521103782424577","https://twitter.com/daveyscience/status/1536521103782424577","The stronger you build your foundation, the more you can build on top of it.

#7DaysToGenius","2022-06-14 01:29 +0000","54.0","7.0","0.12962962962962962","0.0","1.0","1.0","3.0","0.0","0.0","2.0","0.0","0","0","0","0","0","0","0","-","-","-","-","-","-","-","-","-","-","-","-","-","-","-","-","-","-"
"1536520990028537856","https://twitter.com/daveyscience/status/1536520990028537856","@LeonMenkreo It wouldn't be my primary focus, but I try to allocate some time on returning to fundamentals. I don't have a comp-sci background, so learning C++ feels like a fun and applied way to get stronger on that front.","2022-06-14 01:28 +0000","117.0","3.0","0.02564102564102564","0.0","1.0","1.0","1.0","0.0","0.0","0.0","0.0","0","0","0","0","0","0","0","-","-","-","-","-","-","-","-","-","-","-","-","-","-","-","-","-","-"
"1536520550905806848","https://twitter.com/daveyscience/status/1536520550905806848","@flyvenkat speaking my language! no pun intended üôÇ","2022-06-14 01:27 +0000","69.0","2.0","0.028985507246376812","0.0","0.0","1.0","0.0","0.0","0.0","1.0","0.0","0","0","0","0","0","0","0","-","-","-","-","-","-","-","-","-","-","-","-","-","-","-","-","-","-"
"1536509958606376962","https://twitter.com/daveyscience/status/1536509958606376962","I‚Äôm a data scientist that knows SQL, Python, and a bit of JavaScript.

Should I learn C++?üßëüèª‚Äçüíª

Why or why not?üëá","2022-06-14 00:44 +0000","1163.0","72.0","0.061908856405846945","0.0","2.0","7.0","10.0","0.0","0.0","53.0","0.0","0","0","0","0","0","0","0","-","-","-","-","-","-","-","-","-","-","-","-","-","-","-","-","-","-"
"1536509842944315394","https://twitter.com/daveyscience/status/1536509842944315394","I‚Äôm a data scientist that knows SQL, Python, and a bit of JavaScript.

Should I learn C++?üßëüèª‚Äçüíª

Why or why not?üëá","2022-06-14 00:44 +0000","617.0","23.0","0.03727714748784441","0.0","4.0","0.0","1.0","0.0","0.0","18.0","0.0","0","0","0","0","0","0","0","-","-","-","-","-","-","-","-","-","-","-","-","-","-","-","-","-","-"
"1536506940318179328","https://twitter.com/daveyscience/status/1536506940318179328","Should I learn C++?üßëüèª‚Äçüíª

Why or why not?üëá","2022-06-14 00:32 +0000","51.0","1.0","0.0196078431372549","0.0","0.0","0.0","0.0","0.0","0.0","1.0","0.0","0","0","0","0","0","0","0","-","-","-","-","-","-","-","-","-","-","-","-","-","-","-","-","-","-"
"1536469081053794304","https://twitter.com/daveyscience/status/1536469081053794304","@__mharrison__ Buy stuff (courses, coaching, programs)

Share the journey (new realization for me)

Reward and celebrate progress","2022-06-13 22:02 +0000","448.0","10.0","0.022321428571428572","0.0","0.0","4.0","2.0","0.0","0.0","4.0","0.0","0","0","0","0","0","0","0","-","-","-","-","-","-","-","-","-","-","-","-","-","-","-","-","-","-"
"1536448168061112320","https://twitter.com/daveyscience/status/1536448168061112320","@iam_mattharris YT: 
Learn coding / data science
Entertainment

Twitter:
Share knowledge
Build an online presence
Personal growth tips

The other platforms may have benefits, but for me they were much more of a distraction (doomscrolling) than a benefit.","2022-06-13 20:39 +0000","5.0","0.0","0.0","0.0","0.0","0.0","0.0","0.0","0.0","0.0","0.0","0","0","0","0","0","0","0","-","-","-","-","-","-","-","-","-","-","-","-","-","-","-","-","-","-"
"1536423182403502080","https://twitter.com/daveyscience/status/1536423182403502080","Day 32 | #100DaysOfCode

Wrapped up @__mharrison__ Twitter Analytics course by replacing static data with a live API connection to my own tweets.

I thought I knew pandas before, but picked up so many new methods in this great course. 

Hooked on getting better with this library.","2022-06-13 19:00 +0000","256.0","20.0","0.078125","7.0","0.0","10.0","0.0","0.0","0.0","3.0","0.0","0","0","0","0","0","0","0","-","-","-","-","-","-","-","-","-","-","-","-","-","-","-","-","-","-"
"1536393015769681921","https://twitter.com/daveyscience/status/1536393015769681921","I tweet about Python, data science, and productivity frameworks through the lens of my own learning journey.

#twitter4devs","2022-06-13 17:00 +0000","129.0","4.0","0.031007751937984496","2.0","0.0","1.0","1.0","0.0","0.0","0.0","0.0","0","0","0","0","0","0","0","-","-","-","-","-","-","-","-","-","-","-","-","-","-","-","-","-","-"
"1536388004754837505","https://twitter.com/daveyscience/status/1536388004754837505","@MakadiaHarsh Thanks Harsh! One thought:

For new people with very small followings (myself included), try not to put too much weight on engagement metrics. You are still finding your voice, and tweeting only for likes / retweets can stifle creativity and lead to hacky tweets","2022-06-13 16:40 +0000","345.0","13.0","0.03768115942028986","0.0","0.0","3.0","6.0","0.0","0.0","4.0","0.0","0","0","0","0","0","0","0","-","-","-","-","-","-","-","-","-","-","-","-","-","-","-","-","-","-"
"1536362825949630468","https://twitter.com/daveyscience/status/1536362825949630468","If you want to be a data scientist, learn as much of the following Python libraries as possible:

NumPy: Scientific computing
Pandas: Data analysis
Seaborn: Data visualization

If you think you know them well, go back and learn some more.","2022-06-13 15:00 +0000","63.0","5.0","0.07936507936507936","1.0","0.0","2.0","1.0","0.0","0.0","1.0","0.0","0","0","0","0","0","0","0","-","-","-","-","-","-","-","-","-","-","-","-","-","-","-","-","-","-"
"1536141180085448704","https://twitter.com/daveyscience/status/1536141180085448704","@VittoStack Love it Vitto. I haven't even built an audience yet, but simply by starting to share I am noticing acceleration and more robust learning.","2022-06-13 00:19 +0000","73.0","6.0","0.0821917808219178","0.0","0.0","2.0","2.0","0.0","0.0","2.0","0.0","0","0","0","0","0","0","0","-","-","-","-","-","-","-","-","-","-","-","-","-","-","-","-","-","-"
"1536140875780218882","https://twitter.com/daveyscience/status/1536140875780218882","@vvekparmar Great breakdown as usual Vivek. Something I learned the hard way though - advanced pre-trained models require you to be thoughtful about preprocessing because it is either (i) done automatically or (ii) not necessary (and can adversely impact model performance)","2022-06-13 00:18 +0000","24.0","3.0","0.125","0.0","0.0","1.0","2.0","0.0","0.0","0.0","0.0","0","0","0","0","0","0","0","-","-","-","-","-","-","-","-","-","-","-","-","-","-","-","-","-","-"
"1536140062336892931","https://twitter.com/daveyscience/status/1536140062336892931","@SwapBuilds Love this Swapnil. It represents an additional challenge, but scraping your data adds a software engineering element to your data science project and gives it a lot of uniqueness.","2022-06-13 00:15 +0000","41.0","4.0","0.0975609756097561","0.0","1.0","1.0","1.0","0.0","0.0","1.0","0.0","0","0","0","0","0","0","0","-","-","-","-","-","-","-","-","-","-","-","-","-","-","-","-","-","-"
"1536139450299953153","https://twitter.com/daveyscience/status/1536139450299953153","@omarsar0 Agreed, but I actually think there's a decent check mechanism in place. It is nearly impossible to build a functional and useful ML pipeline by blindly copy-pasting code. If you do manage it, good luck articulating to stakeholders why they should trust and value your work.","2022-06-13 00:12 +0000","51.0","1.0","0.0196078431372549","0.0","0.0","0.0","0.0","0.0","0.0","1.0","0.0","0","0","0","0","0","0","0","-","-","-","-","-","-","-","-","-","-","-","-","-","-","-","-","-","-"
"1536138413593829377","https://twitter.com/daveyscience/status/1536138413593829377","@ykdojo Amazing when cringey pick-up artist tactics can be applied to a professional scenario üòÄ","2022-06-13 00:08 +0000","16.0","4.0","0.25","0.0","0.0","0.0","2.0","0.0","0.0","2.0","0.0","0","0","0","0","0","0","0","-","-","-","-","-","-","-","-","-","-","-","-","-","-","-","-","-","-"
"1536138191350136833","https://twitter.com/daveyscience/status/1536138191350136833","@catalinmpit Love this Catalin. For anyone feeling imposter syndrome, two important realizations I had about sharing online:

- At first, very few people are watching. No reason to be afraid.
- The more you share, the more you learn, the faster you become an expert.","2022-06-13 00:07 +0000","19.0","0.0","0.0","0.0","0.0","0.0","0.0","0.0","0.0","0.0","0.0","0","0","0","0","0","0","0","-","-","-","-","-","-","-","-","-","-","-","-","-","-","-","-","-","-"
"1536137513118613507","https://twitter.com/daveyscience/status/1536137513118613507","@fchollet I use a similar analogy - building a foundation. Health, fitness, sleep, relationships, hobbies. The more energy you pour into these activities, the bigger and stronger your foundation. The bigger and stronger your foundation, the more you can build on top of it.","2022-06-13 00:04 +0000","720.0","21.0","0.029166666666666667","0.0","0.0","6.0","10.0","0.0","0.0","5.0","0.0","0","0","0","0","0","0","0","-","-","-","-","-","-","-","-","-","-","-","-","-","-","-","-","-","-"
"1536089249161875457","https://twitter.com/daveyscience/status/1536089249161875457","The benefit of complaining is superficial and fleeting. Internalize your problems to make progress.

#7DaysToGenius","2022-06-12 20:53 +0000","53.0","8.0","0.1509433962264151","0.0","0.0","1.0","2.0","0.0","0.0","3.0","0.0","0","0","0","0","0","2","2","-","-","-","-","-","-","-","-","-","-","-","-","-","-","-","-","-","-"
"1536060791757197322","https://twitter.com/daveyscience/status/1536060791757197322","Day 31 | #100DaysOfCode

Applied Principal Component Analysis to the tweet data and plotted the results.","2022-06-12 19:00 +0000","145.0","11.0","0.07586206896551724","1.0","0.0","7.0","0.0","0.0","0.0","3.0","0.0","0","0","0","0","0","0","0","-","-","-","-","-","-","-","-","-","-","-","-","-","-","-","-","-","-"
"1536030595574288386","https://twitter.com/daveyscience/status/1536030595574288386","‚ÄúIt‚Äôs easy to lie with statistics. It‚Äôs hard to tell the truth without statistics.‚Äù","2022-06-12 17:00 +0000","46.0","0.0","0.0","0.0","0.0","0.0","0.0","0.0","0.0","0.0","0.0","0","0","0","0","0","0","0","-","-","-","-","-","-","-","-","-","-","-","-","-","-","-","-","-","-"
"1536004451403718657","https://twitter.com/daveyscience/status/1536004451403718657","@ykdojo i‚Äôm still new here but YK is the most generous person i‚Äôve seen so far","2022-06-12 15:16 +0000","21.0","1.0","0.047619047619047616","0.0","0.0","1.0","0.0","0.0","0.0","0.0","0.0","0","0","0","0","0","0","0","-","-","-","-","-","-","-","-","-","-","-","-","-","-","-","-","-","-"
"1536002674029735939","https://twitter.com/daveyscience/status/1536002674029735939","Plan your day at 50% capacity.

Prove to yourself you can crush those goals on a daily basis. 

Pretty soon today‚Äôs 50% capacity is going to look like yesterday‚Äôs 500%.","2022-06-12 15:09 +0000","58.0","1.0","0.017241379310344827","0.0","0.0","1.0","0.0","0.0","0.0","0.0","0.0","0","0","0","0","0","0","0","-","-","-","-","-","-","-","-","-","-","-","-","-","-","-","-","-","-"
"1535788680933441536","https://twitter.com/daveyscience/status/1535788680933441536","Keep goals private at first to preserve motivation. Reveal goals near completion to create accountability.

#7DaysToGenius","2022-06-12 00:58 +0000","40.0","2.0","0.05","0.0","0.0","0.0","0.0","0.0","1.0","1.0","0.0","0","0","0","0","0","0","0","-","-","-","-","-","-","-","-","-","-","-","-","-","-","-","-","-","-"
"1535747768077144065","https://twitter.com/daveyscience/status/1535747768077144065","@KedarGhule Projects
Write my vision
Take healthy breaks
Lean into hard tasks
No alcohol (biggest one!)","2022-06-11 22:16 +0000","30.0","4.0","0.13333333333333333","0.0","1.0","1.0","1.0","0.0","0.0","1.0","0.0","0","0","0","0","0","0","0","-","-","-","-","-","-","-","-","-","-","-","-","-","-","-","-","-","-"
"1535728595775246336","https://twitter.com/daveyscience/status/1535728595775246336","I started learning Python and data science 6 years ago.

I've learned more in the last 6 months than in the rest of those 6 years combined.

Systems and consistency make all the difference.

Want to know more? 

#twitter4devs","2022-06-11 21:00 +0000","352.0","35.0","0.09943181818181818","3.0","2.0","5.0","6.0","0.0","1.0","18.0","0.0","0","0","0","0","0","0","0","-","-","-","-","-","-","-","-","-","-","-","-","-","-","-","-","-","-"
"1535698401718898689","https://twitter.com/daveyscience/status/1535698401718898689","Day 30 | #100DaysOfCode

Used Agglomerative Clustering to group tweets into buckets with machine learning.","2022-06-11 19:00 +0000","137.0","12.0","0.08759124087591241","3.0","0.0","7.0","0.0","0.0","0.0","2.0","0.0","0","0","0","0","0","0","0","-","-","-","-","-","-","-","-","-","-","-","-","-","-","-","-","-","-"
"1535668213131919362","https://twitter.com/daveyscience/status/1535668213131919362","‚ÄúThe goal is to turn data into information, and information into insight.‚Äù","2022-06-11 17:00 +0000","41.0","0.0","0.0","0.0","0.0","0.0","0.0","0.0","0.0","0.0","0.0","0","0","0","0","0","0","0","-","-","-","-","-","-","-","-","-","-","-","-","-","-","-","-","-","-"
"1535638037014663168","https://twitter.com/daveyscience/status/1535638037014663168","Before buying a course, ask yourself...

Is it targeted at a specific skill I need to learn?

Do I need a mental break from more taxing  projects?

Is it in my niche and worth surveying for inspiration?

If you answered 3 No's, you might be avoiding the real work you need to do.","2022-06-11 15:00 +0000","59.0","0.0","0.0","0.0","0.0","0.0","0.0","0.0","0.0","0.0","0.0","0","0","0","0","0","0","0","-","-","-","-","-","-","-","-","-","-","-","-","-","-","-","-","-","-"
"1535366209369260033","https://twitter.com/daveyscience/status/1535366209369260033","Tech Twitter values tweets that accomplish one of the following:

Sharing knowledge
Interacting with peers
Engaging with followers

#twitter4devs","2022-06-10 21:00 +0000","36.0","0.0","0.0","0.0","0.0","0.0","0.0","0.0","0.0","0.0","0.0","0","0","0","0","0","0","0","-","-","-","-","-","-","-","-","-","-","-","-","-","-","-","-","-","-"
"1535336019545010176","https://twitter.com/daveyscience/status/1535336019545010176","Day 29 | #100DaysOfCode

Plotting and time series in pandas for the Twitter Analytics course.

Picking up some great new styles, methods, and best practices.","2022-06-10 19:00 +0000","412.0","16.0","0.038834951456310676","6.0","0.0","9.0","0.0","0.0","0.0","1.0","0.0","0","0","0","0","0","0","0","-","-","-","-","-","-","-","-","-","-","-","-","-","-","-","-","-","-"
"1535325971066368000","https://twitter.com/daveyscience/status/1535325971066368000","If the prospect of doing something makes you anxious, there's a good chance you should do it.

Lean into that which makes you nervous. Do hard things.

#7DaysToGenius","2022-06-10 18:20 +0000","112.0","6.0","0.05357142857142857","0.0","0.0","1.0","1.0","0.0","0.0","4.0","0.0","0","0","0","0","0","0","0","-","-","-","-","-","-","-","-","-","-","-","-","-","-","-","-","-","-"
"1535305843410878464","https://twitter.com/daveyscience/status/1535305843410878464","I started this journey expecting to champion the full toolbelt for data scientists - SQL, Excel, Tableau, etc.

A few weeks into tweeting and I'm already a Python maximalist üò¨","2022-06-10 17:00 +0000","40.0","0.0","0.0","0.0","0.0","0.0","0.0","0.0","0.0","0.0","0.0","0","0","0","0","0","0","0","-","-","-","-","-","-","-","-","-","-","-","-","-","-","-","-","-","-"
"1535275659974549511","https://twitter.com/daveyscience/status/1535275659974549511","Once I framed the decision this way

I kept:

- Twitter
- YouTube

And deleted:

- Facebook
- Instagram
- Snapchat
- TikTok
- Tinder

Your selections don't have to be the same, but I guarantee you will remove more than you keep.","2022-06-10 15:00 +0000","73.0","1.0","0.0136986301369863","0.0","1.0","0.0","0.0","0.0","0.0","0.0","0.0","0","0","0","0","0","0","0","-","-","-","-","-","-","-","-","-","-","-","-","-","-","-","-","-","-"
"1535275657999044611","https://twitter.com/daveyscience/status/1535275657999044611","Remember the law of the vital few (aka the Pareto principle):

80 percent of the outcome comes from 20 percent of the causes.","2022-06-10 15:00 +0000","43.0","4.0","0.09302325581395349","0.0","1.0","0.0","0.0","0.0","0.0","3.0","0.0","0","0","0","0","0","0","0","-","-","-","-","-","-","-","-","-","-","-","-","-","-","-","-","-","-"
"1535275655906082818","https://twitter.com/daveyscience/status/1535275655906082818","Instead use the ‚Äúcraftsman approach‚Äù: 

Identify the core factors that determine success and happiness in your professional and personal life.

Adopt a social media platform only if its positive impacts on these factors substantially outweigh its negative impacts.","2022-06-10 15:00 +0000","27.0","1.0","0.037037037037037035","0.0","1.0","0.0","0.0","0.0","0.0","0.0","0.0","0","0","0","0","0","0","0","-","-","-","-","-","-","-","-","-","-","-","-","-","-","-","-","-","-"
"1535275653821513730","https://twitter.com/daveyscience/status/1535275653821513730","You likely take the ‚Äúany-benefit approach‚Äù to social media platforms: 

You're justified in using them if you can identify any possible benefit to their use.

Or anything you might possibly miss out on if you don't use them.","2022-06-10 15:00 +0000","21.0","1.0","0.047619047619047616","0.0","1.0","0.0","0.0","0.0","0.0","0.0","0.0","0","0","0","0","0","0","0","-","-","-","-","-","-","-","-","-","-","-","-","-","-","-","-","-","-"
"1535275651774787589","https://twitter.com/daveyscience/status/1535275651774787589","WHY YOU NEED TO DELETE MOST OF YOUR SOCIAL MEDIA ACCOUNTS

An approach adapted from Cal Newport's book called Deep Work.

--THREAD--","2022-06-10 15:00 +0000","71.0","5.0","0.07042253521126761","0.0","1.0","0.0","0.0","0.0","0.0","4.0","0.0","0","0","0","0","0","0","0","-","-","-","-","-","-","-","-","-","-","-","-","-","-","-","-","-","-"
"1535006237674332176","https://twitter.com/daveyscience/status/1535006237674332176","@ykdojo great formula. i‚Äôll do this in addition to the prep i mentioned earlier","2022-06-09 21:09 +0000","30.0","2.0","0.06666666666666667","0.0","0.0","1.0","1.0","0.0","0.0","0.0","0.0","0","0","0","0","0","0","0","-","-","-","-","-","-","-","-","-","-","-","-","-","-","-","-","-","-"
"1535003824850624524","https://twitter.com/daveyscience/status/1535003824850624524","‚ÄúThe great thing about predictions is that you can be wrong.‚Äù","2022-06-09 21:00 +0000","35.0","0.0","0.0","0.0","0.0","0.0","0.0","0.0","0.0","0.0","0.0","0","0","0","0","0","0","0","-","-","-","-","-","-","-","-","-","-","-","-","-","-","-","-","-","-"
"1534973632002269185","https://twitter.com/daveyscience/status/1534973632002269185","Day 28 | #100DaysOfCode

Exploring correlations between metrics included in tweet data.","2022-06-09 19:00 +0000","181.0","23.0","0.1270718232044199","7.0","1.0","8.0","0.0","0.0","0.0","7.0","0.0","0","0","0","0","0","0","0","-","-","-","-","-","-","-","-","-","-","-","-","-","-","-","-","-","-"
"1534943457558634499","https://twitter.com/daveyscience/status/1534943457558634499","5 Emerging Accounts You Must Follow

1. @avikumart_ 
2. @vvekparmar 
3. @sumitsaurabh927 
4. @DanKornas 
5. @SwapBuilds 

Consistent insight and resources for Python, data science, JavaScript, and web development.","2022-06-09 17:00 +0000","1438.0","252.0","0.17524339360222532","5.0","5.0","10.0","202.0","0.0","0.0","30.0","0.0","0","0","0","0","0","0","0","-","-","-","-","-","-","-","-","-","-","-","-","-","-","-","-","-","-"
"1534913260855644161","https://twitter.com/daveyscience/status/1534913260855644161","Have you spent 1 hour coding today, completely free of distractions?","2022-06-09 15:00 +0000","44.0","1.0","0.022727272727272728","0.0","0.0","0.0","0.0","0.0","0.0","1.0","0.0","0","0","0","0","0","0","0","-","-","-","-","-","-","-","-","-","-","-","-","-","-","-","-","-","-"
"1534901634886770689","https://twitter.com/daveyscience/status/1534901634886770689","@thejustinwelsh @dickiebush wow. i did a brain dump to your tweet yesterday as part of a 7 day writing exercise dan koe set up. my takeaway or synthesis of those thoughts was that the strength of your systems will determine your speed and success in learning new skills. https://t.co/2XuBXktgvU","2022-06-09 14:14 +0000","77.0","1.0","0.012987012987012988","0.0","0.0","1.0","0.0","0.0","0.0","0.0","0.0","0","0","0","0","0","0","0","-","-","-","-","-","-","-","-","-","-","-","-","-","-","-","-","-","-"
"1534893202762776579","https://twitter.com/daveyscience/status/1534893202762776579","@__mharrison__ @podia applied pandas with twitter analytics was awesome! great teaching style, professional-level coding style, and applied to tweet data (exactly when i want to grow on twitter anyway) üíØ","2022-06-09 13:40 +0000","162.0","2.0","0.012345679012345678","0.0","0.0","1.0","1.0","0.0","0.0","0.0","0.0","0","0","0","0","0","0","0","-","-","-","-","-","-","-","-","-","-","-","-","-","-","-","-","-","-"
"1534887191851286528","https://twitter.com/daveyscience/status/1534887191851286528","@PythonWithRune get away from my computer and out of the house! go for a walk or exercise.

same concept I just commented on your video - I learned the value of taking (good) breaks. rather than trying to chain myself to my desk and end up wasting time unfocused.","2022-06-09 13:16 +0000","167.0","5.0","0.029940119760479042","0.0","1.0","2.0","0.0","0.0","0.0","2.0","0.0","0","0","0","0","0","0","0","-","-","-","-","-","-","-","-","-","-","-","-","-","-","-","-","-","-"
"1534865731329966080","https://twitter.com/daveyscience/status/1534865731329966080","@PythonWithRune so many wasted hours staring at a problem with bloodshot eyes.

sometimes, work less for better results.","2022-06-09 11:51 +0000","108.0","4.0","0.037037037037037035","0.0","1.0","1.0","0.0","0.0","0.0","2.0","0.0","0","0","0","0","0","0","0","-","-","-","-","-","-","-","-","-","-","-","-","-","-","-","-","-","-"
"1534852127310467074","https://twitter.com/daveyscience/status/1534852127310467074","@ykdojo amazing! let me take some notes and listen to a few of your spaces to get a feel and i‚Äôll reach out next week.","2022-06-09 10:57 +0000","7.0","1.0","0.14285714285714285","0.0","0.0","1.0","0.0","0.0","0.0","0.0","0.0","0","0","0","0","0","0","0","-","-","-","-","-","-","-","-","-","-","-","-","-","-","-","-","-","-"
"1534688574666334214","https://twitter.com/daveyscience/status/1534688574666334214","The strength of your systems will determine your success when confronted with new challenges and new information.

#7DaysToGenius","2022-06-09 00:07 +0000","43.0","2.0","0.046511627906976744","0.0","0.0","0.0","0.0","0.0","0.0","1.0","0.0","0","0","1","0","0","0","0","-","-","-","-","-","-","-","-","-","-","-","-","-","-","-","-","-","-"
"1534611253100007426","https://twitter.com/daveyscience/status/1534611253100007426","Day 27 | #100DaysOfCode

Cleaning and exploring the tweet data. In particular, defining new columns to be used in analysis. https://t.co/V7vwrxh7NR","2022-06-08 19:00 +0000","162.0","18.0","0.1111111111111111","5.0","0.0","4.0","0.0","0.0","0.0","1.0","0.0","0","0","0","0","0","8","8","-","-","-","-","-","-","-","-","-","-","-","-","-","-","-","-","-","-"
"1534599688841748481","https://twitter.com/daveyscience/status/1534599688841748481","@avikumart_ Applied Agglomerative clustering to my tweet data yesterday. Super cool to analyze that way.","2022-06-08 18:14 +0000","3.0","0.0","0.0","0.0","0.0","0.0","0.0","0.0","0.0","0.0","0.0","0","0","0","0","0","0","0","-","-","-","-","-","-","-","-","-","-","-","-","-","-","-","-","-","-"
"1534599478631665665","https://twitter.com/daveyscience/status/1534599478631665665","@ykdojo @FrancescoCiull4 Step 0: Tweet from an anon account!","2022-06-08 18:13 +0000","6.0","0.0","0.0","0.0","0.0","0.0","0.0","0.0","0.0","0.0","0.0","0","0","0","0","0","0","0","-","-","-","-","-","-","-","-","-","-","-","-","-","-","-","-","-","-"
"1534599229813018624","https://twitter.com/daveyscience/status/1534599229813018624","@MakadiaHarsh Yes! As I increase what I produce / create, I realize that doesn't mean I have to give up consuming. Creating simply completes the circle.","2022-06-08 18:12 +0000","7.0","0.0","0.0","0.0","0.0","0.0","0.0","0.0","0.0","0.0","0.0","0","0","0","0","0","0","0","-","-","-","-","-","-","-","-","-","-","-","-","-","-","-","-","-","-"
"1534598929702068224","https://twitter.com/daveyscience/status/1534598929702068224","@svpino Occam's razor.

I try to spend as long as my boss / stakeholder can allow on data exploration and metric definition before I start model building.","2022-06-08 18:11 +0000","72.0","0.0","0.0","0.0","0.0","0.0","0.0","0.0","0.0","0.0","0.0","0","0","0","0","0","0","0","-","-","-","-","-","-","-","-","-","-","-","-","-","-","-","-","-","-"
"1534596700861603851","https://twitter.com/daveyscience/status/1534596700861603851","@__mharrison__ @ponderdata Congrats! Haven't heard of this but seems like a perfect fit for you. Going to give it a shot on a 20GB Kaggle dataset","2022-06-08 18:02 +0000","346.0","12.0","0.03468208092485549","0.0","1.0","2.0","6.0","0.0","0.0","3.0","0.0","0","0","0","0","0","0","0","-","-","-","-","-","-","-","-","-","-","-","-","-","-","-","-","-","-"
"1534595367592935425","https://twitter.com/daveyscience/status/1534595367592935425","@vvekparmar Great summary Vivek. I love the SHAP package for decision tree models. Easy to translate to stakeholders too.","2022-06-08 17:57 +0000","12.0","3.0","0.25","0.0","0.0","1.0","2.0","0.0","0.0","0.0","0.0","0","0","0","0","0","0","0","-","-","-","-","-","-","-","-","-","-","-","-","-","-","-","-","-","-"
"1534595062759309314","https://twitter.com/daveyscience/status/1534595062759309314","@ykdojo Would love to host a space centered around how to be productive. For me that's been all about working LESS, filling that time with hobbies that make me happy and energized, and coming back to my computer motivated.

What do you think?","2022-06-08 17:55 +0000","115.0","5.0","0.043478260869565216","0.0","1.0","1.0","3.0","0.0","0.0","0.0","0.0","0","0","0","0","0","0","0","-","-","-","-","-","-","-","-","-","-","-","-","-","-","-","-","-","-"
"1534594263295709184","https://twitter.com/daveyscience/status/1534594263295709184","@zahrakhadijha Just did it for the first time ever last week and loved it! My team built up a rotation so we all do it together every couple weeks.

Google can't tell you what you don't know that you don't know, ya know?","2022-06-08 17:52 +0000","28.0","5.0","0.17857142857142858","0.0","0.0","1.0","2.0","0.0","0.0","2.0","0.0","0","0","0","0","0","0","0","-","-","-","-","-","-","-","-","-","-","-","-","-","-","-","-","-","-"
"1534581065737768963","https://twitter.com/daveyscience/status/1534581065737768963","‚ÄúStatistics are like bikinis. What they reveal is suggestive, but what they conceal is vital.‚Äù","2022-06-08 17:00 +0000","91.0","7.0","0.07692307692307693","0.0","1.0","3.0","2.0","0.0","0.0","1.0","0.0","0","0","0","0","0","0","0","-","-","-","-","-","-","-","-","-","-","-","-","-","-","-","-","-","-"
"1534559001425346561","https://twitter.com/daveyscience/status/1534559001425346561","@ZainullAbiddinD for sure. i wouldn‚Äôt recommend someone do them back to back to back, but that‚Äôs another story :)","2022-06-08 15:32 +0000","8.0","4.0","0.5","0.0","1.0","1.0","1.0","0.0","0.0","1.0","0.0","0","0","0","0","0","0","0","-","-","-","-","-","-","-","-","-","-","-","-","-","-","-","-","-","-"
"1534550874911031301","https://twitter.com/daveyscience/status/1534550874911031301","Not all data science projects are created equal. Remember:

1. Tell a story
2. Done &gt; perfect
3. Quality &gt; quantity
4. Visualize your data
5. Align idea with passion
6. Demonstrate business value

Follow these rules to separate yourself from the herd.","2022-06-08 15:00 +0000","49.0","0.0","0.0","0.0","0.0","0.0","0.0","0.0","0.0","0.0","0.0","0","0","0","0","0","0","0","-","-","-","-","-","-","-","-","-","-","-","-","-","-","-","-","-","-"
"1534535088729358338","https://twitter.com/daveyscience/status/1534535088729358338","@avikumart_ to your point on community - i‚Äôve been tweeting for 1 month and (so far) it is making a world of difference on my consistency and progress with coding","2022-06-08 13:57 +0000","17.0","4.0","0.23529411764705882","0.0","1.0","1.0","0.0","0.0","0.0","2.0","0.0","0","0","0","0","0","0","0","-","-","-","-","-","-","-","-","-","-","-","-","-","-","-","-","-","-"
"1534533744253706240","https://twitter.com/daveyscience/status/1534533744253706240","@avikumart_ good steps to follow! i think it also stems from not having inspiring enough projects to work on.","2022-06-08 13:52 +0000","41.0","6.0","0.14634146341463414","0.0","1.0","1.0","1.0","0.0","0.0","3.0","0.0","0","0","0","0","0","0","0","-","-","-","-","-","-","-","-","-","-","-","-","-","-","-","-","-","-"
"1534525608033669125","https://twitter.com/daveyscience/status/1534525608033669125","@marktenenholtz still trying to find my preferred reliable and repeatable solution for independent work.

would love to see a video tutorial on ‚Äúhow to approach downloading and using this extremely large Kaggle dataset‚Äù.","2022-06-08 13:19 +0000","2550.0","10.0","0.00392156862745098","0.0","0.0","2.0","5.0","0.0","0.0","3.0","0.0","0","0","0","0","0","0","0","-","-","-","-","-","-","-","-","-","-","-","-","-","-","-","-","-","-"
"1534347941401460737","https://twitter.com/daveyscience/status/1534347941401460737","@adarsh____gupta I like to buy courses for one of two reasons:

- Targeted at a specific skill/topic I need to learn for something

- Take a break from a self-guided project that is more mentally taxing

Starting to form a 3rd reason - market research as I plan to make my own sometime soon üòâ","2022-06-08 01:33 +0000","1039.0","21.0","0.02021174205967276","1.0","0.0","13.0","6.0","0.0","0.0","1.0","0.0","0","0","0","0","0","0","0","-","-","-","-","-","-","-","-","-","-","-","-","-","-","-","-","-","-"
"1534339450700013570","https://twitter.com/daveyscience/status/1534339450700013570","I just updated my profile! What do you think of it? #twitter4devs","2022-06-08 01:00 +0000","1021.0","66.0","0.06464250734573947","0.0","2.0","0.0","56.0","0.0","2.0","6.0","0.0","0","0","0","0","0","0","0","-","-","-","-","-","-","-","-","-","-","-","-","-","-","-","-","-","-"
"1534279054429413381","https://twitter.com/daveyscience/status/1534279054429413381","Day 26 | #100DaysOfCode

Starting to crank through a course on creating analytics, viz, and models from Tweet data (my own!) in pandas.

Needed a break from self-guided projects.","2022-06-07 21:00 +0000","205.0","17.0","0.08292682926829269","7.0","1.0","7.0","1.0","0.0","0.0","1.0","0.0","0","0","0","0","0","0","0","-","-","-","-","-","-","-","-","-","-","-","-","-","-","-","-","-","-"
"1534248870951145477","https://twitter.com/daveyscience/status/1534248870951145477","Essential machine learning algorithms:

1 - Logistic Regression
2 - Linear Regression
3 - Neural Networks
4 - Decision Trees
5 - K-means
6 - kNNs

Knowing these will cover almost any use case.","2022-06-07 19:00 +0000","106.0","5.0","0.04716981132075472","0.0","0.0","1.0","1.0","0.0","0.0","3.0","0.0","0","0","0","0","0","0","0","-","-","-","-","-","-","-","-","-","-","-","-","-","-","-","-","-","-"
"1534218689406451712","https://twitter.com/daveyscience/status/1534218689406451712","You can get a University-level data science education on Coursera for a fraction of the cost:

1. Python for Everybody
2. Machine Learning
3. Deep Learning
4. TensorFlow Developer Professional Certificate
5. TensorFlow: Advanced Techniques
6. ML Engineering For Production (MLOps)","2022-06-07 17:00 +0000","248.0","17.0","0.06854838709677419","2.0","1.0","4.0","1.0","0.0","0.0","9.0","0.0","0","0","0","0","0","0","0","-","-","-","-","-","-","-","-","-","-","-","-","-","-","-","-","-","-"
"1533977049542627329","https://twitter.com/daveyscience/status/1533977049542627329","I'm working on my tweet game. You might notice some differences in the next 30 days. #twitter4devs","2022-06-07 01:00 +0000","43.0","1.0","0.023255813953488372","0.0","0.0","0.0","0.0","0.0","0.0","1.0","0.0","0","0","0","0","0","0","0","-","-","-","-","-","-","-","-","-","-","-","-","-","-","-","-","-","-"
"1533931832873320448","https://twitter.com/daveyscience/status/1533931832873320448","Day 25 | #100DaysOfCode 

More pandas. I learned that 'groupby' can be a very inefficient operation.","2022-06-06 22:00 +0000","129.0","7.0","0.05426356589147287","1.0","0.0","5.0","1.0","0.0","0.0","0.0","0.0","0","0","0","0","0","0","0","-","-","-","-","-","-","-","-","-","-","-","-","-","-","-","-","-","-"
"1533886462051201026","https://twitter.com/daveyscience/status/1533886462051201026","I don't show SQL enough love, so here's a bunch of FREE places to learn it:

Mode
SQLZoo
LeetCode
LearnSQL
CodeWars
SQL Fiddle
HackerRank
Stratascratch

Practice consistently and land an Analytics job in months.","2022-06-06 19:00 +0000","65.0","3.0","0.046153846153846156","0.0","0.0","0.0","2.0","0.0","0.0","1.0","0.0","0","0","0","0","0","0","0","-","-","-","-","-","-","-","-","-","-","-","-","-","-","-","-","-","-"
"1533856282976960520","https://twitter.com/daveyscience/status/1533856282976960520","When learning to code, you need to take breaks. But not all breaks are created equal.

Bad:
Porn
Netflix
Alcohol
YouTube
Junk Food
Social Media
Video Games

Good:
Dating
Walking
Reading
Cooking
Socializing
Sunbathing
Weightlifting

The better your breaks, the better you'll code.","2022-06-06 17:00 +0000","139.0","1.0","0.007194244604316547","0.0","0.0","0.0","0.0","0.0","0.0","1.0","0.0","0","0","0","0","0","0","0","-","-","-","-","-","-","-","-","-","-","-","-","-","-","-","-","-","-"
"1533677486839500800","https://twitter.com/daveyscience/status/1533677486839500800","Day 24 | #100DaysOfCode 

Took a rest with a few Codewars and Stratascratch problems.","2022-06-06 05:09 +0000","155.0","22.0","0.14193548387096774","8.0","2.0","8.0","2.0","0.0","0.0","2.0","0.0","0","0","0","0","0","0","0","-","-","-","-","-","-","-","-","-","-","-","-","-","-","-","-","-","-"
"1533622877831843841","https://twitter.com/daveyscience/status/1533622877831843841","Two free courses that will kickstart your journey in coding for data science:

Introduction to Computer Science and Programming Using Python - edX

Introduction to Computational Thinking and Data Science - edX

Verified track for $75 each to get a shiny badge on your LinkedIn.","2022-06-06 01:32 +0000","679.0","9.0","0.013254786450662739","0.0","0.0","2.0","2.0","0.0","0.0","5.0","0.0","0","0","0","0","0","0","0","-","-","-","-","-","-","-","-","-","-","-","-","-","-","-","-","-","-"
"1533622066728931328","https://twitter.com/daveyscience/status/1533622066728931328","The Circle of Learning to Code

If you're getting stuck on a project, take a course that will shore up fundamentals.

If you're losing motivation during a course, go start an exciting project.

Follow this simple cycle and you'll never stagnate.","2022-06-06 01:29 +0000","1072.0","22.0","0.020522388059701493","1.0","2.0","8.0","3.0","0.0","0.0","8.0","0.0","0","0","0","0","0","0","0","-","-","-","-","-","-","-","-","-","-","-","-","-","-","-","-","-","-"
"1533524065570508801","https://twitter.com/daveyscience/status/1533524065570508801","I do not have natural talent.

I still Google Git commands.
I still Google precision vs. recall.
I still Google most pandas functions.

I have natural dedication.","2022-06-05 19:00 +0000","79.0","4.0","0.05063291139240506","1.0","0.0","2.0","1.0","0.0","0.0","0.0","0.0","0","0","0","0","0","0","0","-","-","-","-","-","-","-","-","-","-","-","-","-","-","-","-","-","-"
"1533493893114826752","https://twitter.com/daveyscience/status/1533493893114826752","Underfitting:

Feature engineering
No regularization
More parameters
Longer training
More features
Reduce noise","2022-06-05 17:00 +0000","41.0","0.0","0.0","0.0","0.0","0.0","0.0","0.0","0.0","0.0","0.0","0","0","0","0","0","0","0","-","-","-","-","-","-","-","-","-","-","-","-","-","-","-","-","-","-"
"1533493891122487298","https://twitter.com/daveyscience/status/1533493891122487298","Overfitting:

Fewer parameters
Cross-validation
Ensemble model
Fewer features
Regularization
Early stopping
More data","2022-06-05 17:00 +0000","47.0","1.0","0.02127659574468085","0.0","1.0","0.0","0.0","0.0","0.0","0.0","0.0","0","0","0","0","0","0","0","-","-","-","-","-","-","-","-","-","-","-","-","-","-","-","-","-","-"
"1533493889004453889","https://twitter.com/daveyscience/status/1533493889004453889","Great! you gathered and prepared your data, chose an algorithm, and produced results for your first machine learning model.

Problem - The model is seriously over or under-fitting your training data.

Solution - There are many. Keep reading!

--THREAD--","2022-06-05 17:00 +0000","409.0","13.0","0.03178484107579462","3.0","1.0","4.0","0.0","0.0","0.0","5.0","0.0","0","0","0","0","0","0","0","-","-","-","-","-","-","-","-","-","-","-","-","-","-","-","-","-","-"
"1533462035756830720","https://twitter.com/daveyscience/status/1533462035756830720","@MayowaOludoyi @NomadicWulf_ here","2022-06-05 14:53 +0000","111.0","3.0","0.02702702702702703","0.0","1.0","1.0","0.0","0.0","0.0","1.0","0.0","0","0","0","0","0","0","0","-","-","-","-","-","-","-","-","-","-","-","-","-","-","-","-","-","-"
"1533278291506761728","https://twitter.com/daveyscience/status/1533278291506761728","@bitshine_ sales &amp; marketing","2022-06-05 02:43 +0000","13.0","0.0","0.0","0.0","0.0","0.0","0.0","0.0","0.0","0.0","0.0","0","0","0","0","0","0","0","-","-","-","-","-","-","-","-","-","-","-","-","-","-","-","-","-","-"
"1533198710078853120","https://twitter.com/daveyscience/status/1533198710078853120","@MayowaOludoyi These are for total beginners. Once you‚Äôre comfortable, you‚Äôll get much better ROI from a self-guided project (requires more planning and research, will run into more issues, but will be much more excited consistent and motivated)","2022-06-04 21:27 +0000","36.0","2.0","0.05555555555555555","0.0","0.0","1.0","1.0","0.0","0.0","0.0","0.0","0","0","0","0","0","0","0","-","-","-","-","-","-","-","-","-","-","-","-","-","-","-","-","-","-"
"1533189924190666757","https://twitter.com/daveyscience/status/1533189924190666757","Day 23 | #100DaysOfCode 

Reading up on ways to handle class imbalance, particularly for NLP. I used basic SMOTE for my CNN, but that won't work out-of-the-box for the BERT model.","2022-06-04 20:52 +0000","252.0","7.0","0.027777777777777776","1.0","0.0","4.0","0.0","0.0","0.0","2.0","0.0","0","0","0","0","0","0","0","-","-","-","-","-","-","-","-","-","-","-","-","-","-","-","-","-","-"
"1533170599245275136","https://twitter.com/daveyscience/status/1533170599245275136","@MayowaOludoyi depends what you‚Äôre interested in and how much you know already, but this is a good list

https://t.co/SG2obhZaiS","2022-06-04 19:35 +0000","258.0","38.0","0.14728682170542637","0.0","3.0","3.0","0.0","31.0","0.0","1.0","0.0","0","0","0","0","0","0","0","-","-","-","-","-","-","-","-","-","-","-","-","-","-","-","-","-","-"
"1533166433600929794","https://twitter.com/daveyscience/status/1533166433600929794","You will learn more Python in 3 months of project-based learning than you will in 3 years of course-based learning.","2022-06-04 19:18 +0000","1626.0","107.0","0.06580565805658056","0.0","6.0","17.0","3.0","0.0","0.0","80.0","0.0","0","0","1","0","0","0","0","-","-","-","-","-","-","-","-","-","-","-","-","-","-","-","-","-","-"
"1533161684344483840","https://twitter.com/daveyscience/status/1533161684344483840","When I was an accountant, I spent my spare time learning finance.

When I was a financial analyst, I spent my spare time learning data science.

Now that I'm a data scientist, I'm spending my spare time learning software development.","2022-06-04 19:00 +0000","98.0","12.0","0.12244897959183673","0.0","1.0","4.0","1.0","0.0","0.0","6.0","0.0","0","0","0","0","0","0","0","-","-","-","-","-","-","-","-","-","-","-","-","-","-","-","-","-","-"
"1533133238851493888","https://twitter.com/daveyscience/status/1533133238851493888","Make Python Your First Programming Language

Easy
High salary
English-like
Job opportunity
Large ecosystem
Machine learning
Growing community
Backend development

It doesn‚Äôt take long. Get started today.","2022-06-04 17:07 +0000","51.0","0.0","0.0","0.0","0.0","0.0","0.0","0.0","0.0","0.0","0.0","0","0","0","0","0","0","0","-","-","-","-","-","-","-","-","-","-","-","-","-","-","-","-","-","-"
"1533131204723101696","https://twitter.com/daveyscience/status/1533131204723101696","As a data scientist, I found it so fun to learn GraphQL.

Building a database and query layer was how I made myself useful on a team building a web application.","2022-06-04 16:58 +0000","422.0","5.0","0.011848341232227487","0.0","1.0","1.0","1.0","0.0","0.0","2.0","0.0","0","0","0","0","0","0","0","-","-","-","-","-","-","-","-","-","-","-","-","-","-","-","-","-","-"
"1533131102029742080","https://twitter.com/daveyscience/status/1533131102029742080","As a data scientist, I found it so fun to learn GraphQL.

Building a database and query layer was how I made myself useful on a team building a web application.","2022-06-04 16:58 +0000","393.0","5.0","0.01272264631043257","0.0","0.0","0.0","2.0","0.0","0.0","3.0","0.0","0","0","0","0","0","0","0","-","-","-","-","-","-","-","-","-","-","-","-","-","-","-","-","-","-"
"1533111114460024832","https://twitter.com/daveyscience/status/1533111114460024832","@ykdojo to learn data science (change career)","2022-06-04 15:39 +0000","13.0","0.0","0.0","0.0","0.0","0.0","0.0","0.0","0.0","0.0","0.0","0","0","0","0","0","0","0","-","-","-","-","-","-","-","-","-","-","-","-","-","-","-","-","-","-"
"1532811022465126403","https://twitter.com/daveyscience/status/1532811022465126403","@KennKibadi i think there will be 5 years from now as the # of roles expands. right now any good company can still hold the bar that high","2022-06-03 19:46 +0000","64.0","2.0","0.03125","0.0","0.0","1.0","1.0","0.0","0.0","0.0","0.0","0","0","0","0","0","0","0","-","-","-","-","-","-","-","-","-","-","-","-","-","-","-","-","-","-"
"1532799303588188160","https://twitter.com/daveyscience/status/1532799303588188160","8 Python NLP libraries you need to know:

1. spaCy
2. CoreNLP
3. NLTK
4. Gensim
5. PyNLPI
6. Pattern
7. Polyglot
8. Textblob

Everyone knows about modeling in PyTorch, Tensorflow, and HuggingFace.

But these will make you a rockstar in processing and analyzing text and language.","2022-06-03 19:00 +0000","326.0","20.0","0.06134969325153374","2.0","0.0","9.0","3.0","0.0","0.0","6.0","0.0","0","0","0","0","0","0","0","-","-","-","-","-","-","-","-","-","-","-","-","-","-","-","-","-","-"
"1532772104969535493","https://twitter.com/daveyscience/status/1532772104969535493","iOS Academy: https://t.co/mT3XIThLe5

Easy code-along examples of common mobile app UI/UX in Swift.","2022-06-03 17:12 +0000","38.0","0.0","0.0","0.0","0.0","0.0","0.0","0.0","0.0","0.0","0.0","0","0","0","0","0","0","0","-","-","-","-","-","-","-","-","-","-","-","-","-","-","-","-","-","-"
"1532771600990457860","https://twitter.com/daveyscience/status/1532771600990457860","Sean Allen: https://t.co/yToPsh52wP

Clear and concise tutorials for any UI pattern and fundamentals in Swift (iOS).","2022-06-03 17:10 +0000","42.0","1.0","0.023809523809523808","0.0","1.0","0.0","0.0","0.0","0.0","0.0","0.0","0","0","0","0","0","0","0","-","-","-","-","-","-","-","-","-","-","-","-","-","-","-","-","-","-"
"1532771098454106113","https://twitter.com/daveyscience/status/1532771098454106113","Programming with Mosh: https://t.co/ZWKkAtx2cH

Fundamental guides for Node.js, Javascript, Typescript, Python, and app development.","2022-06-03 17:08 +0000","23.0","1.0","0.043478260869565216","0.0","1.0","0.0","0.0","0.0","0.0","0.0","0.0","0","0","0","0","0","0","0","-","-","-","-","-","-","-","-","-","-","-","-","-","-","-","-","-","-"
"1532770596899246081","https://twitter.com/daveyscience/status/1532770596899246081","Lets Build That App: https://t.co/bQQHrvSIwH

End-to-end walkthroughs of full-stack and mobile apps.","2022-06-03 17:06 +0000","16.0","1.0","0.0625","0.0","1.0","0.0","0.0","0.0","0.0","0.0","0.0","0","0","0","0","0","0","0","-","-","-","-","-","-","-","-","-","-","-","-","-","-","-","-","-","-"
"1532770090285932547","https://twitter.com/daveyscience/status/1532770090285932547","Ben Awad: https://t.co/kLdgNkamJB

Comprehensive full-stack project tutorials using SQL, GraphQL, and Typescript.","2022-06-03 17:04 +0000","26.0","1.0","0.038461538461538464","0.0","1.0","0.0","0.0","0.0","0.0","0.0","0.0","0","0","0","0","0","0","0","-","-","-","-","-","-","-","-","-","-","-","-","-","-","-","-","-","-"
"1532769585891528705","https://twitter.com/daveyscience/status/1532769585891528705","freeCodeCamp: https://t.co/4Z8OJYDVGp

Beginner-friendly crash courses for any programming language or development topic.","2022-06-03 17:02 +0000","25.0","2.0","0.08","0.0","1.0","1.0","0.0","0.0","0.0","0.0","0.0","0","0","0","0","0","0","0","-","-","-","-","-","-","-","-","-","-","-","-","-","-","-","-","-","-"
"1532769114074357760","https://twitter.com/daveyscience/status/1532769114074357760","I built a full-stack app (mobile, web, backend) with no prior software development experience.

It would have been impossible without YouTube.

These are the 6 channels I could not do it without.

--THREAD--","2022-06-03 17:00 +0000","82.0","6.0","0.07317073170731707","0.0","1.0","0.0","1.0","0.0","0.0","4.0","0.0","0","0","0","0","0","0","0","-","-","-","-","-","-","-","-","-","-","-","-","-","-","-","-","-","-"
"1532757743072944134","https://twitter.com/daveyscience/status/1532757743072944134","Kicking off a data project can be overwhelming, so I break it into a 3 day process.

1 - Research your idea
2 - Setup your environment
3 - Start your project

Start slow, build consistency, and notch small wins.","2022-06-03 16:14 +0000","554.0","13.0","0.023465703971119134","0.0","0.0","7.0","1.0","0.0","0.0","5.0","0.0","0","0","0","0","0","0","0","-","-","-","-","-","-","-","-","-","-","-","-","-","-","-","-","-","-"
"1532744080056373250","https://twitter.com/daveyscience/status/1532744080056373250","Coding languages are just like real languages - the next one is easier to learn than the one before it.

By the time I wanted to learn JavaScript, I already knew all the fundamentals.","2022-06-03 15:20 +0000","629.0","22.0","0.034976152623211444","1.0","1.0","5.0","3.0","0.0","0.0","12.0","0.0","0","0","0","0","0","0","0","-","-","-","-","-","-","-","-","-","-","-","-","-","-","-","-","-","-"
"1532744028751597571","https://twitter.com/daveyscience/status/1532744028751597571","@flyvenkat wasn‚Äôt even aware of this. i enjoyed using R during a class that required it, but haven‚Äôt gone back to it since.","2022-06-03 15:20 +0000","45.0","8.0","0.17777777777777778","0.0","0.0","1.0","2.0","0.0","0.0","5.0","0.0","0","0","0","0","0","0","0","-","-","-","-","-","-","-","-","-","-","-","-","-","-","-","-","-","-"
"1532548798790115328","https://twitter.com/daveyscience/status/1532548798790115328","@eddiejaoude not gonna lie, i enjoy writing (and reading) great markdown even more than great code","2022-06-03 02:24 +0000","53.0","4.0","0.07547169811320754","0.0","1.0","2.0","0.0","0.0","0.0","1.0","0.0","0","0","0","0","0","0","0","-","-","-","-","-","-","-","-","-","-","-","-","-","-","-","-","-","-"
"1532548464625729537","https://twitter.com/daveyscience/status/1532548464625729537","@CoachFHM only thing is i spend so much time at home already. 24 hour gym across the street from my place is a great happy medium","2022-06-03 02:23 +0000","75.0","0.0","0.0","0.0","0.0","0.0","0.0","0.0","0.0","0.0","0.0","0","0","0","0","0","0","0","-","-","-","-","-","-","-","-","-","-","-","-","-","-","-","-","-","-"
"1532547887628001291","https://twitter.com/daveyscience/status/1532547887628001291","@python_engineer I don't but I like this idea! What's the use case and how are you testing? With a dummy dataset?","2022-06-03 02:21 +0000","52.0","1.0","0.019230769230769232","0.0","0.0","0.0","0.0","0.0","0.0","1.0","0.0","0","0","0","0","0","0","0","-","-","-","-","-","-","-","-","-","-","-","-","-","-","-","-","-","-"
"1532547570442149895","https://twitter.com/daveyscience/status/1532547570442149895","@IAyeshaSahar don't forget PyScript! I haven't even explored Python for web dev. If I have a lot of Python experience through data science, would you recommend this route more than improving in JavaScript?","2022-06-03 02:19 +0000","204.0","14.0","0.06862745098039216","2.0","1.0","4.0","1.0","0.0","0.0","6.0","0.0","0","0","0","0","0","0","0","-","-","-","-","-","-","-","-","-","-","-","-","-","-","-","-","-","-"
"1532546200133582856","https://twitter.com/daveyscience/status/1532546200133582856","@DanKornas Add: Faulty logic in processing and transformation","2022-06-03 02:14 +0000","7.0","0.0","0.0","0.0","0.0","0.0","0.0","0.0","0.0","0.0","0.0","0","0","0","0","0","0","0","-","-","-","-","-","-","-","-","-","-","-","-","-","-","-","-","-","-"
"1532545984026263553","https://twitter.com/daveyscience/status/1532545984026263553","@ykdojo In my career I consistently tell myself ""find what you love doing and the money will follow"". Learning here to ""find what you love writing about and the followers will follow"".","2022-06-03 02:13 +0000","14.0","0.0","0.0","0.0","0.0","0.0","0.0","0.0","0.0","0.0","0.0","0","0","0","0","0","0","0","-","-","-","-","-","-","-","-","-","-","-","-","-","-","-","-","-","-"
"1532545447205683201","https://twitter.com/daveyscience/status/1532545447205683201","@PrasoonPratham People (myself included) can spend years in Jupyter notebooks without ever scripting anything. Opportunity for course-makers :)","2022-06-03 02:11 +0000","77.0","2.0","0.025974025974025976","0.0","0.0","0.0","2.0","0.0","0.0","0.0","0.0","0","0","0","0","0","0","0","-","-","-","-","-","-","-","-","-","-","-","-","-","-","-","-","-","-"
"1532544909604954112","https://twitter.com/daveyscience/status/1532544909604954112","@marktenenholtz Love this and experienced it myself at first. You can get lost at sea forever in that ocean. 

In my opinion, step 1 doesn't even need to include any stats or ML.

A DSA course in Python + consistent pandas practice is plenty to get started.","2022-06-03 02:09 +0000","253.0","9.0","0.03557312252964427","1.0","0.0","2.0","1.0","0.0","0.0","5.0","0.0","0","0","0","0","0","0","0","-","-","-","-","-","-","-","-","-","-","-","-","-","-","-","-","-","-"
"1532544043133059090","https://twitter.com/daveyscience/status/1532544043133059090","@Jeande_d I think there are layers to this.

Currently experiencing some frustration with the rigidity of MLStudio's UI-centric platform. But also understand the inefficiencies of cloning from notebooks and scripts.

There's a happy medium somewhere in code-centric flexible automation.","2022-06-03 02:05 +0000","55.0","5.0","0.09090909090909091","0.0","1.0","1.0","0.0","0.0","0.0","3.0","0.0","0","0","0","0","0","0","0","-","-","-","-","-","-","-","-","-","-","-","-","-","-","-","-","-","-"
"1532543051448688640","https://twitter.com/daveyscience/status/1532543051448688640","@ykdojo Would love to add a data science flavor to your community","2022-06-03 02:01 +0000","12.0","0.0","0.0","0.0","0.0","0.0","0.0","0.0","0.0","0.0","0.0","0","0","0","0","0","0","0","-","-","-","-","-","-","-","-","-","-","-","-","-","-","-","-","-","-"
"1532542493937516551","https://twitter.com/daveyscience/status/1532542493937516551","@v_vashishta love your threads and planning to take this seminar when i have more time.

for now, i'm laser focused on your insight about startups as a leading indicator :)","2022-06-03 01:59 +0000","33.0","2.0","0.06060606060606061","0.0","1.0","1.0","0.0","0.0","0.0","0.0","0.0","0","0","0","0","0","0","0","-","-","-","-","-","-","-","-","-","-","-","-","-","-","-","-","-","-"
"1532540652008914947","https://twitter.com/daveyscience/status/1532540652008914947","@ykdojo @freeCodeCamp What about going to the gym and going on dates?","2022-06-03 01:52 +0000","9.0","0.0","0.0","0.0","0.0","0.0","0.0","0.0","0.0","0.0","0.0","0","0","0","0","0","0","0","-","-","-","-","-","-","-","-","-","-","-","-","-","-","-","-","-","-"
"1532540164257497092","https://twitter.com/daveyscience/status/1532540164257497092","@csaba_kissi YouTube got me from 0 to 1. Now it's straight to the API / library docs. Then it's Medium for context (especially for data science) or StackOverflow for answers.","2022-06-03 01:50 +0000","50.0","0.0","0.0","0.0","0.0","0.0","0.0","0.0","0.0","0.0","0.0","0","0","0","0","0","0","0","-","-","-","-","-","-","-","-","-","-","-","-","-","-","-","-","-","-"
"1532538945296285705","https://twitter.com/daveyscience/status/1532538945296285705","@Prathkum just starting to reap the benefits of writing. irrespective of creating an audience, it really accelerates and solidifies learning.

mind sharing the list of passive income streams you have?","2022-06-03 01:45 +0000","501.0","11.0","0.021956087824351298","0.0","1.0","3.0","1.0","0.0","0.0","6.0","0.0","0","0","0","0","0","0","0","-","-","-","-","-","-","-","-","-","-","-","-","-","-","-","-","-","-"
"1532538594606333957","https://twitter.com/daveyscience/status/1532538594606333957","@csaba_kissi Canva. Only ever used Figma for wireframes.","2022-06-03 01:44 +0000","24.0","0.0","0.0","0.0","0.0","0.0","0.0","0.0","0.0","0.0","0.0","0","0","0","0","0","0","0","-","-","-","-","-","-","-","-","-","-","-","-","-","-","-","-","-","-"
"1532538435474493440","https://twitter.com/daveyscience/status/1532538435474493440","@driscollis Definitely need answers!","2022-06-03 01:43 +0000","46.0","3.0","0.06521739130434782","0.0","0.0","1.0","0.0","0.0","0.0","2.0","0.0","0","0","0","0","0","0","0","-","-","-","-","-","-","-","-","-","-","-","-","-","-","-","-","-","-"
"1532538262606200844","https://twitter.com/daveyscience/status/1532538262606200844","@ykdojo And C / C++","2022-06-03 01:42 +0000","46.0","0.0","0.0","0.0","0.0","0.0","0.0","0.0","0.0","0.0","0.0","0","0","0","0","0","0","0","-","-","-","-","-","-","-","-","-","-","-","-","-","-","-","-","-","-"
"1532536491636842497","https://twitter.com/daveyscience/status/1532536491636842497","@ykdojo The impact of learning is public is profound from Day 1","2022-06-03 01:35 +0000","109.0","4.0","0.03669724770642202","0.0","0.0","2.0","0.0","0.0","0.0","2.0","0.0","0","0","0","0","0","0","0","-","-","-","-","-","-","-","-","-","-","-","-","-","-","-","-","-","-"
"1532514081587986446","https://twitter.com/daveyscience/status/1532514081587986446","Day 22 | #100DaysOfCode 

Going hard on üêº pandas üêº methods. Can‚Äôt believe it took this long to discover pd.melt() !!","2022-06-03 00:06 +0000","212.0","21.0","0.09905660377358491","3.0","0.0","9.0","2.0","0.0","0.0","7.0","0.0","0","0","0","0","0","0","0","-","-","-","-","-","-","-","-","-","-","-","-","-","-","-","-","-","-"
"1532436920931950592","https://twitter.com/daveyscience/status/1532436920931950592","Imagine if you spent one hour in deep work every day for 365 days.

Now imagine if you spent that hour coding in Python.","2022-06-02 19:00 +0000","46.0","2.0","0.043478260869565216","0.0","0.0","1.0","0.0","0.0","0.0","1.0","0.0","0","0","0","0","0","0","0","-","-","-","-","-","-","-","-","-","-","-","-","-","-","-","-","-","-"
"1532406732110155778","https://twitter.com/daveyscience/status/1532406732110155778","5 Class Imbalance Techniques for your Machine Learning Problem
 
1. Random
2. SMOTE
3. NearMiss
4. Tomek Links
5. Class weights

As always in data science, the trick is understanding the proper use case.

Don't overlook simply changing your performance metric or algorithm.","2022-06-02 17:00 +0000","54.0","3.0","0.05555555555555555","0.0","0.0","1.0","0.0","0.0","0.0","2.0","0.0","0","0","0","0","0","0","0","-","-","-","-","-","-","-","-","-","-","-","-","-","-","-","-","-","-"
"1532395261108051971","https://twitter.com/daveyscience/status/1532395261108051971","In the debate on R vs. Python for data science:

R - wins on stats, exploration, analysis

Python - wins on building pipelines and models to put in production

But Python is much better at doing what R is good at than vice-versa.","2022-06-02 16:14 +0000","1585.0","44.0","0.0277602523659306","2.0","1.0","14.0","9.0","0.0","0.0","18.0","0.0","0","0","0","0","0","0","0","-","-","-","-","-","-","-","-","-","-","-","-","-","-","-","-","-","-"
"1532394838133559296","https://twitter.com/daveyscience/status/1532394838133559296","Data science work is drastically different in industry vs. academia.

Working with ""live"" vs. fixed data is one of the biggest differences.

To simulate this challenge on portfolio projects, collect your data from a company via API.

Ex: Twitter, Spotify, Amazon, Redfin...","2022-06-02 16:12 +0000","2118.0","42.0","0.019830028328611898","0.0","1.0","9.0","6.0","0.0","0.0","26.0","0.0","0","0","0","0","0","0","0","-","-","-","-","-","-","-","-","-","-","-","-","-","-","-","-","-","-"
"1532162296830734340","https://twitter.com/daveyscience/status/1532162296830734340","The Road to Data Scientist, expressed in Python libraries:

ü•ß  numpy
üêº  pandas
üìä  matplotlib
üåä  seaborn
üß¨  scipy 
üî¨  scikit-learn
üß†  tensorflow
üî•  pytorch","2022-06-02 00:48 +0000","807.0","35.0","0.04337050805452292","0.0","0.0","13.0","7.0","0.0","0.0","15.0","0.0","0","0","0","0","0","0","0","-","-","-","-","-","-","-","-","-","-","-","-","-","-","-","-","-","-"
"1532161533039476738","https://twitter.com/daveyscience/status/1532161533039476738","Day 21 | #100DaysOfCode 

Read up on time series and correlation. Then took it easy by doing some refactoring and documentation.","2022-06-02 00:45 +0000","179.0","16.0","0.0893854748603352","3.0","0.0","6.0","2.0","0.0","0.0","5.0","0.0","0","0","0","0","0","0","0","-","-","-","-","-","-","-","-","-","-","-","-","-","-","-","-","-","-"
"1532158828892110848","https://twitter.com/daveyscience/status/1532158828892110848","@TheRealBarlow_ let‚Äôs do it! dm‚Äôing","2022-06-02 00:35 +0000","39.0","1.0","0.02564102564102564","0.0","0.0","0.0","1.0","0.0","0.0","0.0","0.0","0","0","0","0","0","0","0","-","-","-","-","-","-","-","-","-","-","-","-","-","-","-","-","-","-"
"1532151659006201858","https://twitter.com/daveyscience/status/1532151659006201858","@DanielWiczew @tunguz @SpaceX @elonmusk this reply deserves way more likes","2022-06-02 00:06 +0000","20.0","0.0","0.0","0.0","0.0","0.0","0.0","0.0","0.0","0.0","0.0","0","0","0","0","0","0","0","-","-","-","-","-","-","-","-","-","-","-","-","-","-","-","-","-","-"
"1532146418911256576","https://twitter.com/daveyscience/status/1532146418911256576","@TheRealBarlow_ i‚Äôm working on something very similar, catered to students and TAs","2022-06-01 23:45 +0000","118.0","9.0","0.07627118644067797","0.0","1.0","1.0","3.0","0.0","0.0","4.0","0.0","0","0","0","0","0","0","0","-","-","-","-","-","-","-","-","-","-","-","-","-","-","-","-","-","-"
"1532074543954665473","https://twitter.com/daveyscience/status/1532074543954665473","If you can speak English you can learn Python.","2022-06-01 19:00 +0000","57.0","1.0","0.017543859649122806","0.0","0.0","0.0","0.0","0.0","0.0","1.0","0.0","0","0","0","0","0","0","0","-","-","-","-","-","-","-","-","-","-","-","-","-","-","-","-","-","-"
"1532066148874735617","https://twitter.com/daveyscience/status/1532066148874735617","@s_gruppetta_ct @driscollis @Learning_Man01 @pycon salaries are high, but number of opportunities for data science are less than more traditional software development roles. i don‚Äôt have the data, but looking at the careers page of pretty much any company will tell you","2022-06-01 18:26 +0000","62.0","7.0","0.11290322580645161","0.0","1.0","3.0","0.0","0.0","0.0","3.0","0.0","0","0","0","0","0","0","0","-","-","-","-","-","-","-","-","-","-","-","-","-","-","-","-","-","-"
"1532044343489531905","https://twitter.com/daveyscience/status/1532044343489531905","I teach:
SQL
Python
Data Science

I learn:
C++
Swift
Javascript

Over time, learning becomes teaching.","2022-06-01 17:00 +0000","58.0","3.0","0.05172413793103448","1.0","0.0","1.0","0.0","0.0","0.0","1.0","0.0","0","0","0","0","0","0","0","-","-","-","-","-","-","-","-","-","-","-","-","-","-","-","-","-","-"
"1532038827568766978","https://twitter.com/daveyscience/status/1532038827568766978","@WellPaidGeek thanks for the final push to stop being anon","2022-06-01 16:38 +0000","29.0","2.0","0.06896551724137931","0.0","0.0","0.0","2.0","0.0","0.0","0.0","0.0","0","0","0","0","0","0","0","-","-","-","-","-","-","-","-","-","-","-","-","-","-","-","-","-","-"
"1532001673589231618","https://twitter.com/daveyscience/status/1532001673589231618","@SimonHoiberg excited to start watching, but to be honest im most curious about where you got that blue band collar shirt in the video :)","2022-06-01 14:10 +0000","53.0","4.0","0.07547169811320754","0.0","0.0","2.0","0.0","0.0","0.0","2.0","0.0","0","0","0","0","0","0","0","-","-","-","-","-","-","-","-","-","-","-","-","-","-","-","-","-","-"
"1531988692985909248","https://twitter.com/daveyscience/status/1531988692985909248","Learn to Code:

1. Take a course
2. Work on a project
3. Become hopelessly lost
4. Go back to step 1

Once you manage to skip step 3 - share what you built or teach what you learned!","2022-06-01 13:19 +0000","698.0","24.0","0.034383954154727794","1.0","0.0","14.0","4.0","0.0","0.0","5.0","0.0","0","0","0","0","0","0","0","-","-","-","-","-","-","-","-","-","-","-","-","-","-","-","-","-","-"
"1531986976508985347","https://twitter.com/daveyscience/status/1531986976508985347","Essential Skills in Data Science

- Translate a business problem into a data exercise
- Write production-grade data pipelines
- Develop a framework for rapid experimentation
- Design models for interpretability

Master one to become valuable, all four and you're irreplaceable","2022-06-01 13:12 +0000","630.0","19.0","0.03015873015873016","0.0","0.0","4.0","7.0","0.0","0.0","8.0","0.0","0","0","0","0","0","0","0","-","-","-","-","-","-","-","-","-","-","-","-","-","-","-","-","-","-"
"1531984960550215680","https://twitter.com/daveyscience/status/1531984960550215680","@WellPaidGeek agreed, but it has a double meaning - getting started overall, and getting started every morning üò©","2022-06-01 13:04 +0000","23.0","0.0","0.0","0.0","0.0","0.0","0.0","0.0","0.0","0.0","0.0","0","0","0","0","0","0","0","-","-","-","-","-","-","-","-","-","-","-","-","-","-","-","-","-","-"
"1531868488574414848","https://twitter.com/daveyscience/status/1531868488574414848","@KennKibadi thanks! right back at you","2022-06-01 05:21 +0000","37.0","1.0","0.02702702702702703","0.0","0.0","1.0","0.0","0.0","0.0","0.0","0.0","0","0","0","0","0","0","0","-","-","-","-","-","-","-","-","-","-","-","-","-","-","-","-","-","-"
"1531854979765522433","https://twitter.com/daveyscience/status/1531854979765522433","@v_vashishta love this! i learned working while traveling - laptop + small portable monitor. slightly harder to get settled into a flow, but much easier to keep it.","2022-06-01 04:27 +0000","28.0","3.0","0.10714285714285714","0.0","0.0","1.0","0.0","0.0","0.0","2.0","0.0","0","0","0","0","0","0","0","-","-","-","-","-","-","-","-","-","-","-","-","-","-","-","-","-","-"
"1531788636357894155","https://twitter.com/daveyscience/status/1531788636357894155","@ykdojo Love this new passion project. You could sell a high ticket 1:1 coaching service","2022-06-01 00:04 +0000","200.0","6.0","0.03","0.0","0.0","1.0","1.0","0.0","0.0","4.0","0.0","0","0","0","0","0","0","0","-","-","-","-","-","-","-","-","-","-","-","-","-","-","-","-","-","-"
